Join Date,Name,Completed
"Oct 6, 2022, 1:32:12 PM",Salomon Nation Running League,true
"Oct 29, 2022, 9:48:57 PM",November 5K,true
"Nov 27, 2022, 7:08:17 PM",December 5K,true
"Dec 12, 2022, 7:56:16 PM",adidas 5 km Challenge,true
"Dec 27, 2022, 10:59:22 PM",January 5K,true
"Dec 27, 2022, 10:59:30 PM",January 10k,true
"Dec 27, 2022, 11:00:24 PM",Le Col Project 23 Challenge,true
"Jan 3, 2023, 5:16:22 PM",ENGAGE with 361Àö,true
"Jan 4, 2023, 4:06:10 PM",adidas SUPER CHARGE 30K,true
"Jan 22, 2023, 7:59:27 PM",Keep on moving with ROUVY Club,true
"Jan 22, 2023, 8:00:32 PM",Mind‚Äôs 50km for mental health,true
"Jan 22, 2023, 8:01:42 PM",New Balance Runlock Challenge,true
"Jan 22, 2023, 8:02:30 PM",HiPRO Strong Start Challenge,true
"Jan 28, 2023, 2:06:04 PM",Anon Optics: Stay Immersed In The Moment,true
"Jan 28, 2023, 2:29:49 PM",February Half Marathon,true
"Jan 28, 2023, 2:30:07 PM",February 10k,true
"Jan 28, 2023, 2:30:09 PM",February 5k,true
"Jan 30, 2023, 1:09:50 PM",Altra For the Love of Running 2023 Challenge,true
"Jan 31, 2023, 6:52:58 PM",Welcome to 2023 with Kinomap,true
"Feb 5, 2023, 6:53:53 PM",Science in Sport GO 100 Challenge,true
"Feb 6, 2023, 1:09:55 PM",Nordic France x Outdoorvision challenge,true
"Feb 7, 2023, 1:03:06 PM",The Kings & Queens of Chemo Challenge,true
"Feb 18, 2023, 6:59:09 PM",Earthquake Relief Challenge,true
"Feb 23, 2023, 12:39:42 PM",CamelBak¬Æ All-Terrain Running Challenge,true
"Feb 25, 2023, 2:31:26 PM",March 10k,true
"Feb 25, 2023, 2:31:37 PM",March 5k,true
"Feb 25, 2023, 2:31:49 PM",March Running Challenge,true
"Feb 25, 2023, 2:32:02 PM",Le Col Shape Up Challenge,true
"Feb 25, 2023, 2:33:08 PM",March Half Marathon,true
"Mar 1, 2023, 2:14:11 PM",Move for Samsung S23,true
"Mar 2, 2023, 2:11:56 PM",Run for Clean Water with Janji,true
"Mar 6, 2023, 1:41:06 PM",Bulldog Skincare's Go The Distance Challenge,true
"Mar 8, 2023, 12:37:13 PM",HOKA Rocket X 2 Speed Challenge,true
"Mar 9, 2023, 2:34:50 PM",Redefine Your Run with Injinji,true
"Mar 12, 2023, 11:13:00 AM",Make Waves With On,false
"Mar 13, 2023, 12:29:34 PM",RUN PUMA Fueled By NITRO 42km,true
"Mar 16, 2023, 11:29:17 AM",Boston Spring Ahead by Red Bull,true
"Mar 16, 2023, 3:21:42 PM",adidas EPIC ENERGY 5km Challenge,true
"Mar 17, 2023, 10:42:27 AM",COMPRESSPORT¬Æ Wherever You Run,true
"Mar 18, 2023, 10:09:22 AM",Pro Direct Light Work 5k,true
"Mar 19, 2023, 9:47:19 AM",adidas Half Marathon Challenge,true
"Mar 20, 2023, 7:34:47 AM",HiPRO Level Up Challenge,true
"Mar 24, 2023, 12:17:44 PM",Oakley 5K Challenge,true
"Mar 25, 2023, 12:36:43 PM",Wings for Life World Run Training Challenge 2023,true
"Mar 29, 2023, 11:53:36 PM",Around the World in 30 Days,false
"Mar 31, 2023, 7:54:48 AM",April 10k,true
"Mar 31, 2023, 7:55:21 AM",April 5k,true
"Mar 31, 2023, 7:55:58 AM",New Balance x Rebel Sport Challenge,false
"Mar 31, 2023, 7:56:08 AM",Le Col Classics Challenge,false
"Apr 1, 2023, 12:12:31 PM",adidas LDN vs MCR,true
"Apr 1, 2023, 12:12:45 PM",MOJU Bring The Boom Challenge,true
"Apr 1, 2023, 12:13:02 PM",waterdrop¬Æ Spring Into Fitness Challenge,true
"Apr 1, 2023, 12:13:20 PM",Altra Half Marathon Challenge,true
"Apr 6, 2023, 12:04:58 PM",Desafio Strava: Zerando a Montanha - WTR CamelBak Le Canton 2023,false
"Apr 10, 2023, 10:02:03 AM",UCHealth Active Life Challenge,true
"Apr 10, 2023, 10:02:11 AM",adidas Marathon Challenge,true
"Apr 11, 2023, 12:12:12 PM",Get a 2023 Sponsorship from The Feed,true
"Apr 14, 2023, 11:05:35 AM",BIKE24 x Specialized Mobility Challenge‚Äã,true
"Apr 17, 2023, 10:37:29 AM",Sports Direct Mara Month,true
"Apr 17, 2023, 10:37:43 AM",Cancer Research UK 13.1 Mile Training Challenge 2023,true
"Apr 24, 2023, 10:11:07 AM",Run 20 for 20% Off Skratch,true
"Apr 24, 2023, 10:11:46 AM",Montane 30km Spring Challenge,true
"Apr 24, 2023, 10:11:59 AM",Crush Every Moment with KT,true
"Apr 26, 2023, 9:01:53 AM",May Half Marathon,true
"Apr 26, 2023, 9:02:05 AM",May 10k,true
"Apr 28, 2023, 10:41:46 PM",Mountain Hardwear Sun‚Äôs Out Challenge,true
"May 5, 2023, 3:01:51 PM",Eight Sleep's 100 Challenge,true
"May 5, 2023, 3:02:08 PM",adidas Stockholm Marathon Challenge,true
"May 22, 2023, 9:50:21 PM",100MilesofSummer powered by lululemon,false
"May 26, 2023, 7:38:33 PM",June Running Challenge,false
"May 26, 2023, 7:38:46 PM",June 10k,false
"May 26, 2023, 7:38:55 PM",Attaquer Time Attack Challenge,false
"May 26, 2023, 7:39:25 PM",June Half Marathon,false
"May 27, 2023, 3:20:12 PM",The Le Col Keep The Pace Challenge,false
"May 27, 2023, 3:20:24 PM",CHFI & IPACC Let‚Äôs Move Canada Challenge,false
"May 29, 2023, 1:40:04 PM",Desafio Crava - 120 minutos em 30 dias,false
"May 29, 2023, 5:14:56 PM",June 5K x Brooks,false
"Jun 3, 2023, 11:56:53 AM",Get a 2023 Sponsorship from The Feed,false
"Jun 3, 2023, 11:57:07 AM",Arc'teryx Outdoors For All Challenge,false
"Jul 5, 2023, 1:54:48 AM",July 5K x Brooks,true
"Jul 5, 2023, 1:54:57 AM",July 10k,false
"Jul 5, 2023, 1:55:00 AM",July Half Marathon,false
"Jul 5, 2023, 1:55:06 AM",Le Col Tour Challenge,false
"Jul 5, 2023, 1:57:36 AM",Move with On Brazil,false
"Jul 5, 2023, 1:57:54 AM",Get a 2023 Sponsorship from The Feed,false
"Jul 5, 2023, 1:58:02 AM",Tredz Tour Challenge 2023,false
"Jul 5, 2023, 1:58:56 AM","Nem pensa, s√≥ vai!",false
"Jul 5, 2023, 1:59:18 AM",Santini-Tour de France Leaders Challenge,false
"Jul 5, 2023, 1:59:46 AM",Reach Your Peak with Kodiak¬Æ,false
"Jul 10, 2023, 11:50:17 AM",Bandit Into the Distance Challenge,false
"Jul 26, 2023, 2:11:54 PM",Get a 2023 Sponsorship from The Feed,false
"Jul 26, 2023, 2:12:10 PM",August Running Distance Challenge,false
"Jul 26, 2023, 2:12:24 PM",Kohler Run/Walk for Safe Water,true
"Jul 26, 2023, 2:12:34 PM",Saucony 125th Birthday Bash,false
"Jul 26, 2023, 2:12:44 PM",August Half Marathon,false
"Jul 26, 2023, 2:12:52 PM",August 10k,true
"Jul 26, 2023, 2:12:57 PM",August 5K x Brooks,true
"Jul 26, 2023, 2:13:09 PM",Nedbank #Run4Avos Challenge,true
"Jul 31, 2023, 12:37:55 PM",Go All Out(doors) for Halo Top,false
"Aug 8, 2023, 4:54:54 AM",enduco Summer Sweat Challenge,false
"Aug 8, 2023, 4:55:08 AM",Santini UCI CWC Challenge,false
"Aug 15, 2023, 12:27:10 PM",Powerbar's Chase the Legend Challenge,false
"Aug 15, 2023, 12:27:18 PM",New Balance - Run Your Way,true
"Aug 15, 2023, 12:27:29 PM",Michelob Ultra Pick 3 Challenge,false
"Aug 16, 2023, 4:08:23 PM",August Running Challenge,false
"Aug 16, 2023, 4:08:31 PM",Le Col Keep The Momentum Challenge,false
"Aug 18, 2023, 12:40:04 PM","Nature's Bakery ""200 Min For The Win""",false
"Aug 19, 2023, 2:23:18 PM",Tredz Summer Activity Challenge 2023,false
"Aug 21, 2023, 1:14:26 PM",CamelBak Redefine Limits Run Challenge,false
"Aug 25, 2023, 12:40:36 PM",Le Col Threshold 240 Challenge,true
"Aug 25, 2023, 12:40:49 PM",September Outside With L.L.Bean,true
"Aug 27, 2023, 10:16:58 PM",September 10K,true
"Aug 27, 2023, 10:17:02 PM",September Running Challenge,false
"Aug 27, 2023, 10:17:20 PM",September 5K x Brooks,true
"Aug 27, 2023, 10:17:27 PM",September Half Marathon,true
"Aug 27, 2023, 10:18:02 PM",Vive Le Vitus: Part Deux,false
"Aug 28, 2023, 11:39:03 AM",Bulldog Skincare‚Äôs Feel Your Best Challenge,true
"Aug 28, 2023, 11:39:11 AM",Merrell 'Find The Love. Run Wild.' Challenge,true
"Aug 28, 2023, 11:39:29 AM",Boulderthon Run 30 Challenge,true
"Sep 1, 2023, 3:30:59 PM",Get a 2023 Sponsorship from The Feed,true
"Sep 4, 2023, 8:44:08 PM",lululemon 10K Tour Virtual,true
"Sep 6, 2023, 11:58:52 AM",The Solgar Half Marathon Challenge,true
"Sep 9, 2023, 12:34:04 PM",Runners Need Outdoor Hour,true
"Sep 10, 2023, 8:49:53 AM",Power of 3 By Potatoes USA,false
"Sep 11, 2023, 12:29:53 PM",E-Tech Medals,false
"Sep 21, 2023, 3:17:32 PM",Vamos! Latinx/Hispanic Heritage Month Challenge,false
"Sep 23, 2023, 4:11:59 PM",SIDAS - Set your own race challenge,false
"Sep 23, 2023, 4:12:24 PM",Run 20 km for Pink Ribbon,true
"Sep 23, 2023, 4:12:30 PM",Challenge for a Better World with AireLibre,false
"Sep 23, 2023, 4:13:10 PM",October 5K x Brooks,true
"Sep 23, 2023, 4:13:43 PM",October Running Challenge,true
"Sep 23, 2023, 6:00:55 PM",October Half Marathon,true
"Sep 23, 2023, 6:00:57 PM",October 10K,true
"Sep 24, 2023, 12:23:10 PM",Get a 2023 Sponsorship from The Feed,true
"Oct 1, 2023, 6:16:53 PM",Ricky Stuart Foundation Pedal for Purpose,false
"Oct 1, 2023, 6:16:58 PM",Cotswold Outdoor Exploration Hour,true
"Oct 1, 2023, 6:17:22 PM",parkrun and Shokz Birthday Run/Walk,true
"Oct 1, 2023, 6:17:33 PM",PEdALED Odyssey Breakaway,false
"Oct 8, 2023, 1:54:09 AM",HUAWEI Fashion Forward Challenge,true
"Oct 8, 2023, 1:54:13 AM",The Great Outdoors with DSW,true
"Oct 9, 2023, 1:53:01 PM",ROKA Fly Forward 200,true
"Oct 9, 2023, 1:53:22 PM",GOREWEAR Commit to All Conditions Challenge,true
"Oct 9, 2023, 1:53:27 PM",Team Milk 26.2 Challenge,true
"Oct 15, 2023, 1:39:33 AM",Sweaty Betty 25 Years Strong Challenge ‚Äì Newcastle,true
"Oct 15, 2023, 1:39:49 AM",Private Sport Shop | 240 Shaka-llenge,true
"Oct 15, 2023, 1:39:53 AM",CLIF BLOKS Party!,true
"Oct 15, 2023, 1:40:00 AM",BIKE24 No End of Season,true
"Oct 18, 2023, 12:02:51 PM",Get in the Groove with Nuun,false
"Oct 18, 2023, 6:02:18 PM",New Balance - Run Your Way,true
"Oct 18, 2023, 6:02:27 PM",New Balance - Run Your Way,true
"Oct 24, 2023, 6:06:29 PM",Hahn Beerlay - Run Around Australia!,true
"Oct 24, 2023, 6:06:40 PM",Hahn Beerlay - Let's go legends!,false
"Oct 24, 2023, 6:06:54 PM",Hahn Beerlay - In it to win it!,false
"Oct 25, 2023, 11:38:08 AM",Get a 2023 Sponsorship from The Feed,true
"Oct 25, 2023, 11:38:26 AM",Red Bull Coastal Explorer,true
"Oct 25, 2023, 11:38:52 AM",Eight Sleep's 2023 Finale,true
"Oct 25, 2023, 11:39:20 AM",Go the Extra Miles,true
"Oct 25, 2023, 6:03:56 PM",November Workout Challenge,false
"Oct 25, 2023, 6:04:17 PM",November 10K,true
"Oct 25, 2023, 6:05:14 PM",November 5K x Brooks,true
"Oct 28, 2023, 1:27:33 PM",Sweaty Betty 25 Years Strong Challenge ‚Äì Bristol,true
"Nov 3, 2023, 12:15:07 PM",Le Col Black Friday Challenge,true
"Nov 3, 2023, 12:15:16 PM","Shokz Sweat Now, Shop Later Challenge",true
"Nov 5, 2023, 11:50:49 AM",New Balance Urban Mile,true
"Nov 6, 2023, 12:30:28 PM",Keep Going: The Bandit Winter Challenge,true
"Nov 8, 2023, 12:14:44 AM",Nike Better Together Challenge,false
"Nov 9, 2023, 3:29:08 PM",The Princess Margaret Ride to Conquer Cancer Challenge,false
"Nov 13, 2023, 5:21:32 PM",Montane 30km for 30 years,false
"Nov 13, 2023, 5:21:39 PM",Columbia‚Äôs Go Out Anyway Challenge,false
"Nov 14, 2023, 12:44:36 PM",Red Bull Coast to Coast 2023,false
"Nov 14, 2023, 12:45:09 PM",Move Utah Ride to Recreate in November!,false
"Nov 24, 2023, 2:14:30 PM",December 5K x Brooks,false
"Nov 24, 2023, 2:16:19 PM",December Running Challenge,false
"Nov 24, 2023, 2:16:23 PM",December 10K,false
"Nov 24, 2023, 2:16:42 PM",December Workout Challenge,false
"Nov 24, 2023, 2:16:49 PM",Le Col Rise Above Challenge,false
"Nov 26, 2023, 7:18:35 PM",Green Runners Challenge SE Marathon de Paris,false
"Nov 27, 2023, 12:36:57 PM",Red Bull Wintathlon,false
"Dec 7, 2023, 1:06:13 PM",Move with Unilabs for Prostate Cancer,false
"Dec 16, 2023, 8:19:01 PM",X-Bionic Winter Sports Challenge,false
"Dec 25, 2023, 1:05:43 AM",Runna Marathon in 2024,false
"Dec 25, 2023, 1:06:43 AM",January 5K x Brooks Challenge,true
"Dec 25, 2023, 1:07:18 AM",January 400-Minute Challenge,false
"Dec 25, 2023, 1:07:24 AM",January Fresh Start Challenge,false
"Dec 25, 2023, 1:07:49 AM","DO NOT USE - Brutalidade de Ano Novo, por Brou Bruto",true
"Dec 26, 2023, 4:11:53 PM",January Jumpstart with WHOOP,false
"Jan 30, 2024, 2:31:46 PM",BetterHelp's Holistic Health Challenge,true
"Jan 30, 2024, 2:31:51 PM",Get Sponsored By The Feed,true
"Jan 30, 2024, 2:31:58 PM",February 5K x Brooks Challenge,true
"Jan 30, 2024, 2:32:15 PM",February 10K Challenge,true
"Jan 31, 2024, 1:09:51 PM",The Art of Movement Challenge,true
"Feb 2, 2024, 8:51:06 PM",HOKA Cielo X1 Fly Fast Challenge‚Äã,false
"Feb 4, 2024, 6:01:27 PM",PUMA Forever. Faster. 25k Challenge,true
"Feb 5, 2024, 2:38:38 PM",GetPRO's Olympic Games Ticket Challenge,true
"Feb 13, 2024, 6:00:45 PM",Le Col Form Finder Challenge,true
"Feb 16, 2024, 1:04:38 PM",Red Bull Marsathon,true
"Feb 22, 2024, 12:38:31 PM",lululemon 10K Tour Virtual,true
"Feb 23, 2024, 1:20:59 PM",Sine Qua Non Run,false
"Feb 23, 2024, 6:17:20 PM",March 10K Challenge,true
"Feb 23, 2024, 6:17:38 PM",March 400-Minute Challenge,true
"Feb 23, 2024, 6:17:49 PM",March Half Marathon Challenge,false
"Feb 23, 2024, 6:17:56 PM",March 5K x Brooks Challenge,true
"Feb 23, 2024, 6:18:01 PM",March Ten Days Active Challenge,true
"Feb 24, 2024, 2:20:52 PM",7 in 7 with Life Style Sports & PUMA,true
"Feb 24, 2024, 2:20:57 PM",Get Sponsored By The Feed,true
"Feb 24, 2024, 6:07:56 PM","No Chafe, Just Gains with Step One",false
"Mar 1, 2024, 6:00:59 PM",HiPRO Objectif Paris 2024 - 80Km Zack Nani,false
"Mar 1, 2024, 6:01:05 PM",HiPRO Objectif Paris 2024 - 120Km Kaatsup,false
"Mar 4, 2024, 12:15:25 PM",Sweaty Betty Move Forward Challenge,false
"Mar 5, 2024, 3:35:40 PM",Virtual RBC Brooklyn Half,true
"Mar 8, 2024, 6:14:37 PM",OnePlus Watch 2 - Your Partner in Time,true
"Mar 8, 2024, 6:14:47 PM",The MAAP Equinox Challenge,false
"Mar 8, 2024, 6:14:55 PM",Le Col Shape Up Challenge,true
"Mar 8, 2024, 6:14:59 PM",normal* Heroes Challenge by celio,false
"Mar 12, 2024, 6:00:43 PM",Sunny Provisions Spring Challenge,false
"Mar 14, 2024, 7:54:13 PM",Nike Feel Invincible Challenge,true
"Mar 14, 2024, 7:55:13 PM","Dream It, Chase It with Injinji",false
"Mar 15, 2024, 12:00:52 PM",UCAN Get Moving Challenge,false
"Mar 16, 2024, 12:30:43 PM",SCHEELS Run With Us 10K Challenge,true
"Mar 18, 2024, 11:24:27 AM",Red Bull 1 million kilometer on route,false
"Mar 18, 2024, 11:24:53 AM",Move with Kate Mackz,false
"Mar 18, 2024, 11:25:20 AM",adidas Comfort Zone Challenge,false
"Mar 18, 2024, 11:25:36 AM",Run. Surf. Hike. Train. Vuori Challenge,false
"Mar 19, 2024, 12:01:13 PM",SNF Br√©al Cup Challenge: Athens to Paris,true
"Mar 21, 2024, 6:07:42 PM",Earth Day is Leg Day Challenge,false
"Mar 22, 2024, 11:27:31 AM",Santini No Boundaries Challenge,false
"Mar 22, 2024, 11:27:48 AM",10 / 10 challenge by JOIN with Shimano,false
"Mar 25, 2024, 7:14:20 PM",adidas 26.2 Challenge,false
"Mar 25, 2024, 7:14:25 PM",April 5K x Brooks Challenge,true
"Mar 25, 2024, 7:14:30 PM",April Ten Days Active Challenge,false
"Mar 25, 2024, 7:14:44 PM",April 10K Challenge,false
"Mar 25, 2024, 7:14:50 PM",April Half Marathon Challenge,false
"Mar 25, 2024, 7:14:56 PM",April Run 100K Challenge,false
"Mar 25, 2024, 7:15:08 PM",April 400-Minute Challenge,false
"Mar 25, 2024, 7:15:17 PM",Get Sponsored By The Feed,false
"Mar 28, 2024, 12:40:08 AM",Get moving in April with #MoveWithAviva,false
"Mar 28, 2024, 6:05:20 PM",Toyota Tacoma x Outside Get Outdoors,false
"Apr 3, 2024, 12:00:41 PM",The Quaker¬Æ Protein Running Challenge,false
"Apr 3, 2024, 12:00:53 PM",Every Day is Earth Day with POW,false
"Apr 5, 2024, 11:52:13 AM",Athleta Run Wild Challenge,false
"Apr 6, 2024, 11:24:38 AM",Private Sport Shop | Shaka-llenge 300,false
"Apr 8, 2024, 12:00:28 PM",GOREWEAR Endure Everyday: Spring Challenge,false
"Apr 12, 2024, 12:38:16 PM",Running Up For Air with Patagonia,true
"Apr 12, 2024, 12:38:25 PM",The Virtual NYRR Mental Health Awareness Month Challenge,true
"Apr 12, 2024, 12:38:44 PM",Bulldog Skincare's Feel Good Challenge,false
"Apr 12, 2024, 12:38:54 PM",Black Trail Runners presents: Black to the Trails Virtual 5K,false
"Apr 12, 2024, 12:39:12 PM",Sports Direct Mara Month,true
"Apr 15, 2024, 1:41:49 PM",The Veloforte Spring 90,false
"Apr 15, 2024, 1:41:59 PM",Earth Week: Commute to Curb Carbon,false
"Apr 15, 2024, 1:42:08 PM",HelloFresh Move 200 Challenge,true
"Apr 15, 2024, 1:42:14 PM",Factor Fuel Challenge: Never Stop Moving,true
"Apr 16, 2024, 5:01:25 PM",Le Col Classics Challenge,false
"Apr 19, 2024, 9:31:36 PM",Cancer Research UK 13.1 Mile Training Challenge 2024,true
"Apr 19, 2024, 9:31:42 PM",Plan International Belgium - Sport For Change,true
"Apr 19, 2024, 9:31:48 PM",Westin Wellness Challenge,false
"Apr 24, 2024, 12:03:32 PM",May 400-Minute Challenge,true
"Apr 24, 2024, 12:03:47 PM",May Run 100K Challenge,true
"Apr 24, 2024, 12:03:50 PM",May Half Marathon Challenge,true
"Apr 24, 2024, 12:04:03 PM",May 5K x Brooks Challenge,true
"Apr 24, 2024, 12:04:17 PM",WOW HYDRATE's Marathon in a Month,true
"Apr 24, 2024, 12:04:24 PM",ROKA Sun Seeker 200,true
"Apr 24, 2024, 12:04:44 PM",Red Bull Coastal Run,true
"Apr 24, 2024, 6:19:17 PM",Get Sponsored By The Feed,true
"Apr 24, 2024, 6:19:21 PM",BUXTON Active in May Challenge.,false
"Apr 25, 2024, 11:13:49 AM",The Arc‚Äôteryx Run Free Challenge,true
"Apr 26, 2024, 12:00:50 PM",The Le Col Giro Challenge,true
"Apr 27, 2024, 12:30:45 PM",SunGod Factor 50 Challenge,true
"Apr 27, 2024, 12:30:59 PM",F45 Training Fitness Day Challenge,true
"Apr 28, 2024, 10:52:59 AM",AAPI Month Mindful Movement Challenge,false
"Apr 28, 2024, 10:53:10 AM",Move with Montane Challenge,true
"Apr 29, 2024, 6:01:19 PM",initiv¬Æ 42.195km ‚Äì Your Body Can,true
"May 1, 2024, 12:27:59 PM",Skratch Sweat-2-Sip 200,true
"May 3, 2024, 6:13:24 PM",Merrell 'Find The Love. Run Wild.',true
"May 6, 2024, 11:30:49 AM",Red Bull Flying Laps Fitness Challenge,true
"May 6, 2024, 11:30:56 AM",Mountain Hardwear Be Sun Wise Challenge,true
"May 6, 2024, 12:37:03 PM",Powerbar UNLOCK MORE ENERGY Challenge,false
"May 6, 2024, 2:06:20 PM",May 10K Challenge,true
"May 6, 2024, 2:06:30 PM",Virtual NYRR Global Running Day 5K,true
"May 8, 2024, 11:31:19 AM","Eat, Sleep, Get FIT, Repeat with Huawei",true
"May 11, 2024, 12:28:26 PM",Lucky Saint Deliver Us From Thirst,true
"May 11, 2024, 12:28:37 PM","Maurten ""no guts, no glory"" challenge",false
"May 12, 2024, 12:19:24 PM",Hot Potato Hustle by Potatoes USA,true
"May 18, 2024, 12:04:06 PM",Team Orange Running x Marathon Pour Tous,true
"May 18, 2024, 12:04:15 PM",Tredz Spring Activity Challenge 2024,true
"May 18, 2024, 12:04:26 PM",Run 42.195 kilometers for KWF,true
"May 18, 2024, 12:04:38 PM",Anything Can Happen After Nuun,false
"May 24, 2024, 12:39:04 PM",June 5K x Brooks Challenge,true
"May 24, 2024, 12:39:08 PM",June Ten Days Active Challenge,true
"May 24, 2024, 12:39:23 PM",June 10K Challenge,true
"May 24, 2024, 12:39:27 PM",June Half Marathon Challenge,true
"May 24, 2024, 12:39:33 PM",June Run 100K Challenge,true
"May 24, 2024, 12:39:48 PM",June 400-Minute Challenge,true
"May 24, 2024, 12:40:08 PM",Le Col Keep The Pace Challenge,true
"May 29, 2024, 3:23:29 AM",Get Sponsored By The Feed,true
"May 29, 2024, 3:23:37 AM",Barilla Protein+¬Æ Energy Challenge,true
"May 29, 2024, 3:23:51 AM",CHFI & IPACC Let‚Äôs Move Canada Challenge,false
"May 29, 2024, 3:24:01 AM",Nature's Bakery Motivated to Move Challenge,true
"Jun 3, 2024, 12:28:13 PM",Millet For the Unknown,false
"Jun 4, 2024, 12:56:41 PM",Netflix Tour de France Season 2,true
"Jun 7, 2024, 5:24:54 PM",Sports Direct 20x5 Challenge,true
"Jun 12, 2024, 6:01:15 PM",4x 5 Training Days with Initiv¬Æ,true
"Jun 13, 2024, 12:00:17 PM",The Solstice with POW,true
"Jun 13, 2024, 12:00:25 PM",Solstice to Starting Line by GOREWEAR,true
"Jun 19, 2024, 12:22:48 PM",The Le Col Tour Challenge,false
"Jun 21, 2024, 12:05:11 PM",Maurten ‚Äî Get Used To It Challenge,false
"Jun 21, 2024, 6:00:55 PM",Tour de Pact | 111 minutes,false
"Jun 22, 2024, 11:46:31 AM",Tredz Tour Challenge 2024,false
"Jun 22, 2024, 11:46:42 AM",Bulldog Skincare‚Äôs Get Active Challenge,false
"Jun 24, 2024, 12:48:38 PM",July 400-Minute Challenge,false
"Jun 24, 2024, 12:48:47 PM",July Commute Challenge,false
"Jun 24, 2024, 12:49:32 PM",July Run 100K Challenge,false
"Jun 24, 2024, 12:49:36 PM",July 10K Challenge,true
"Jun 24, 2024, 12:50:01 PM",July Half Marathon Challenge,false
"Jun 24, 2024, 12:50:09 PM",July Ten Days Active Challenge,false
"Jun 24, 2024, 12:50:15 PM",July 5K x Brooks Challenge,true
"Jun 24, 2024, 12:50:29 PM",Red Bull Vert-I-Go,false
"Jun 24, 2024, 12:50:58 PM",RISE 'N RUN with Danielle Burnett,false
"Jun 24, 2024, 7:26:30 PM",Sure Nonstop 72km Challenge,false
"Jun 26, 2024, 6:01:31 PM",Get Sponsored By The Feed,true
"Jun 26, 2024, 6:01:36 PM",Defy the Distance: Nike Running Challenge,true
"Jun 29, 2024, 12:03:50 PM",SunGod Golden Hour Challenge,true
"Jun 29, 2024, 12:04:18 PM",Pegasus 41 Running by OCHSNER SPORT,false
"Jul 1, 2024, 11:31:42 AM",The MAAP Flow State Challenge,false
"Jul 1, 2024, 11:31:51 AM",HOKA We Are All Born To Fly Challenge,true
"Jul 1, 2024, 12:02:38 PM",Zalando 42.2 Challenge by Berlin Braves,false
"Jul 2, 2024, 7:01:23 AM",MUSH Morning Coffee Run Challenge,false
"Jul 8, 2024, 6:01:05 PM",Summer Madness with Bandit Running,false
"Jul 16, 2024, 12:35:45 PM",Paris 2024: Connected Marathon Pour Tous,true
"Jul 19, 2024, 1:47:37 PM",KT Pass The Tape Challenge,true
"Jul 22, 2024, 7:05:41 PM",Shokz: A day with Jan Frodeno,true
"Jul 22, 2024, 7:05:58 PM",Eight Sleep Summer of Champions,true
"Jul 25, 2024, 1:15:09 PM",August 400-Minute Challenge,true
"Jul 25, 2024, 1:15:23 PM",August Run 100K Challenge,true
"Jul 25, 2024, 1:15:28 PM",August Half Marathon Challenge,true
"Jul 25, 2024, 1:15:32 PM",August 10K Challenge,true
"Jul 25, 2024, 1:15:42 PM",August 5K x Brooks Challenge,true
"Jul 25, 2024, 1:15:51 PM",Get Sponsored By The Feed,true
"Jul 25, 2024, 1:15:55 PM",Zalando 42.2 Challenge by Berlin Braves,false
"Jul 25, 2024, 1:16:02 PM",Long Drink Legend of '52,true
"Jul 26, 2024, 12:54:54 AM",Peak Performance VK Training Challenge,false
"Jul 26, 2024, 11:13:59 PM",Le Col Keep The Momentum,true
"Jul 30, 2024, 1:40:26 PM",OnePlus Watch 2R - It's Time to Move,true
"Aug 1, 2024, 1:34:50 PM",Power Your Potential with Factor,true
"Aug 1, 2024, 1:34:53 PM",ROKA. Sun. Sweat. Sleep. Repeat. 250,true
"Aug 1, 2024, 1:34:56 PM",HelloFresh Fit Challenge,true
"Aug 1, 2024, 5:24:07 PM",August Ten Days Active Challenge,false
"Aug 11, 2024, 12:00:46 PM",Bombas Summer Movement Challenge,false
"Aug 11, 2024, 12:00:56 PM",PEARL iZUMi Answer The Call,false
"Aug 18, 2024, 12:26:55 PM","Everyone ON, against cancer for KWF",true
"Aug 19, 2024, 12:00:52 PM",HOKA Made in the Mountains Challenge,false
"Aug 21, 2024, 11:30:38 AM",Shokz Mountain Rock'n'Roll,true
"Aug 21, 2024, 6:02:36 PM",Nuun Hit Your Stride Challenge,false
"Aug 23, 2024, 1:05:54 PM",Fly into Fall with Oiselle,true
"Aug 24, 2024, 1:58:43 PM",September 5K x Brooks Challenge,true
"Aug 24, 2024, 1:58:50 PM",September Ten Days Active Challenge,true
"Aug 24, 2024, 1:59:15 PM",September 10K Challenge,true
"Aug 24, 2024, 1:59:22 PM",September Half Marathon Challenge,true
"Aug 24, 2024, 1:59:28 PM",September Run 100K Challenge,true
"Aug 24, 2024, 1:59:44 PM",September 400-Minute Challenge,true
"Aug 24, 2024, 6:00:58 PM",The Caltrate X CW Joint Effort Challenge,true
"Aug 24, 2024, 6:01:05 PM",Runna Marathon in September,true
"Aug 25, 2024, 12:01:09 PM",Get Sponsored By The Feed,true
"Aug 25, 2024, 12:01:18 PM",Green Chef Move 200 Challenge,true
"Aug 28, 2024, 7:35:41 PM",Unlock More You with Optimum Nutrition,true
"Aug 31, 2024, 12:26:47 PM",Attaquer Time Attack Challenge,true
"Aug 31, 2024, 12:26:51 PM",Le Col Threshold 240 Challenge,true
"Aug 31, 2024, 12:26:56 PM","Voltaren Sport ""More Than Running""",true
"Sep 3, 2024, 12:13:58 PM",BAM Let's Get Moving Challenge,true
"Sep 10, 2024, 10:11:28 AM",Dig Deeper with Kodiak¬Æ,true
"Sep 10, 2024, 6:06:31 PM",Powerbar Marathon Prep Challenge,true
"Sep 12, 2024, 11:28:02 AM",The VSX Movement Challenge,true
"Sep 14, 2024, 12:00:21 PM",5K with ASICS: Move your mind,true
"Sep 14, 2024, 12:00:28 PM",Embrace the Elements by GOREWEAR,true
"Sep 14, 2024, 12:01:05 PM",Roc d'Azur CIC Challenge 2024,true
"Sep 16, 2024, 12:16:10 PM",YETI Outsider 250 Challenge,true
"Sep 20, 2024, 11:01:04 AM",Find Your Fashion Edge with Huawei,true
"Sep 20, 2024, 11:01:17 AM",Cash App Health Is Wealth Challenge,true
"Sep 23, 2024, 6:00:49 PM",Push the limits: Samsung Ultra Challenge,true
"Sep 23, 2024, 6:00:58 PM",Stay The Course with Bandit Running,true
"Sep 24, 2024, 10:30:49 AM",Get Sponsored By The Feed,true
"Sep 24, 2024, 10:31:05 AM",Fuel Up with HelloFresh,true
"Sep 24, 2024, 10:31:16 AM",Kohler Run/Walk for Safe Water,true
"Sep 24, 2024, 12:03:21 PM",October 400-Minute Challenge,true
"Sep 24, 2024, 12:03:33 PM",October Run 100K Challenge,false
"Sep 24, 2024, 12:03:38 PM",October Half Marathon Challenge,true
"Sep 24, 2024, 12:03:43 PM",October 10K Challenge,true
"Sep 24, 2024, 12:03:52 PM",October 5K x Brooks Challenge,true
"Sep 24, 2024, 12:04:18 PM",Stoke the Vote with POW,false
"Sep 26, 2024, 6:02:39 PM",Roc d'Azur CIC Challenge 2024,false
"Sep 28, 2024, 5:27:09 PM",Le Col Race The Sun,true
"Sep 28, 2024, 5:27:37 PM",300 minutes with Manuel Neuer x Michelin,true
"Sep 28, 2024, 5:27:45 PM",The Reno Tahoe No Limits Challenge,true
"Sep 30, 2024, 1:29:37 PM",EF Adventures Travel that moves you,true
"Sep 30, 2024, 1:29:59 PM",The RYZON Here to Shine Challenge,false
"Oct 2, 2024, 6:03:36 PM",The Hahn Beerlay 5k Challenge,true
"Oct 3, 2024, 11:36:46 AM",Shokz: Run with Kipchoge Challenge,true
"Oct 3, 2024, 11:36:59 AM",The Columbia Hike Society: Get Outdoors,true
"Oct 3, 2024, 6:02:46 PM",Ready Set Refresh with L.L.Bean,false
"Oct 5, 2024, 11:56:13 AM",Forestry England Step into Nature,false
"Oct 5, 2024, 11:56:17 AM",Altra x Smartwool Run the Cold Challenge,false
"Oct 11, 2024, 9:22:15 AM",Just Hit Start with NOBULL,false
"Oct 12, 2024, 10:04:53 AM",Final Sprint by Eight Sleep,false
"Oct 17, 2024, 7:12:04 PM",Hit Your Goals with HubSpot,false
"Oct 28, 2024, 12:27:37 PM",November 5K x Brooks Challenge,false
"Oct 28, 2024, 12:27:41 PM",November Ten Days Active Challenge,false
"Oct 28, 2024, 12:27:44 PM",November Streak Challenge,false
"Oct 28, 2024, 12:27:49 PM",November 400-Minute Challenge,false
"Oct 28, 2024, 12:27:54 PM",November 10K Challenge,false
"Oct 28, 2024, 12:27:59 PM",November Run 100K Challenge,false
"Oct 28, 2024, 12:28:07 PM",Get Sponsored By The Feed,false
"Oct 28, 2024, 6:14:38 PM",Move for Movember Challenge,false
"Nov 1, 2024, 11:00:33 AM",Le Col Next Phase Challenge,false
"Nov 1, 2024, 12:07:56 PM",L'Or√©al Men Expert x Movember Run?,false
"Jan 2, 2025, 7:01:13 AM",Chomps Get Active Challenge,true
"Jan 2, 2025, 7:01:38 AM",TRIBE Fuelled by Nature Challenge,true
"Jan 2, 2025, 7:01:51 AM",HelloFresh Start Challenge!,true
"Jan 2, 2025, 7:02:02 AM",January Ten Days Active Challenge,true
"Jan 2, 2025, 7:02:11 AM",January 400-Minute Challenge,true
"Jan 2, 2025, 7:02:22 AM",January Run 100K Challenge,true
"Jan 3, 2025, 12:33:52 PM",Be a Winner not a Quitter with Samsung,true
"Jan 3, 2025, 12:34:01 PM",250 Minutes With Your Dog & Maev,true
"Jan 5, 2025, 6:00:41 PM",Faster. Fastest. Adizero,true
"Jan 6, 2025, 7:18:08 AM",Red Bull Flying Laps,true
"Jan 6, 2025, 12:36:47 PM",Zalando: Winter Sports Challenge,true
"Jan 6, 2025, 10:03:20 PM",Time to start HelloFresh in 2025,true
"Jan 7, 2025, 3:44:59 PM",January 5K Challenge,true
"Jan 8, 2025, 1:25:02 PM",You are the athlete with Cisalfa Sport,true
"Jan 10, 2025, 1:20:22 PM","Bombas New Year, Better You Challenge",true
"Jan 11, 2025, 5:09:42 PM",January 10K Challenge,true
"Jan 13, 2025, 1:15:10 PM",Vita Coco's Crack the Winter Blues 5K,true
"Jan 13, 2025, 1:15:17 PM",Keep Going with Bandit Running,true
"Jan 14, 2025, 3:31:37 PM",Red Bull UK Zero Excuses,true
"Jan 15, 2025, 12:31:06 PM",HOKA Bondi 9-Week Challenge Sweepstakes,true
"Jan 16, 2025, 6:08:35 PM",Nuun BFFluencer Challenge,true
"Jan 18, 2025, 1:47:36 PM",Apoth√©kary's February Wellness Challenge,true
"Jan 18, 2025, 1:47:53 PM",Olympikus Destrava o Corre Strava,false
"Jan 23, 2025, 5:55:55 PM",January Half Marathon Challenge,true
"Jan 23, 2025, 5:56:13 PM",Sweaty Betty ‚ÄòDon‚Äôt Sweat It‚Äô Run Challenge,true
"Jan 23, 2025, 5:56:18 PM",The Reno Tahoe No Limits Challenge,true
"Jan 24, 2025, 6:05:13 PM",LSKD Beyond Your Limits,true
"Jan 25, 2025, 2:05:56 PM",February 5K Challenge,true
"Jan 25, 2025, 2:06:05 PM",February 10K Challenge,true
"Jan 25, 2025, 2:06:12 PM",February Half Marathon Challenge,true
"Jan 25, 2025, 2:06:19 PM",February Run 100K Challenge,true
"Jan 25, 2025, 2:06:51 PM",Barilla Protein+¬Æ Winter Energy Challenge,true
"Jan 25, 2025, 2:07:02 PM","New Year, New Goals with Youfoodz",true
"Jan 26, 2025, 5:16:46 PM",February Ten Days Active Challenge,true
"Jan 26, 2025, 5:16:49 PM",February 400-Minute Challenge,true
"Jan 26, 2025, 6:40:25 PM",LNDR Life Not Resolutions,true
"Jan 28, 2025, 6:06:53 PM",Luke & Chelsea‚Äôs Move Together Challenge,true
"Jan 31, 2025, 12:17:36 PM",Rise for 2025 w/ Eight Sleep,true
"Feb 1, 2025, 2:04:37 PM",JLab 2025 Fitness Kickoff,true
"Feb 1, 2025, 2:04:48 PM",Be the 20% by GOREWEAR,true
"Feb 1, 2025, 2:04:53 PM",Go for Double Time with El Pollo Loco,true
"Feb 5, 2025, 6:01:21 PM",Red Bull Train Like a Champ,true
"Feb 5, 2025, 6:01:41 PM",Follow the Orange Brick Road Challenge,true
"Feb 6, 2025, 7:09:05 AM",Le Col Positive Spin,true
"Feb 10, 2025, 12:55:24 PM",I Love Winter with STEF,true
"Feb 11, 2025, 7:46:50 PM",Bombas Winter Challenge,true
"Feb 17, 2025, 12:09:07 PM",1 Million Vertical Meters with Suunto & POW,true
"Feb 21, 2025, 5:16:25 PM",March 5K x Brooks Challenge,true
"Feb 21, 2025, 5:16:26 PM",March 10K Challenge,true
"Feb 21, 2025, 5:16:26 PM",March Half Marathon Challenge,true
"Feb 21, 2025, 5:16:29 PM",March Run 100K Challenge,true
"Feb 21, 2025, 5:16:34 PM",March Ten Days Active Challenge,true
"Feb 21, 2025, 5:16:35 PM",March 400-Minute Challenge,true
"Feb 24, 2025, 1:04:05 PM",You Got This: 100 Days powered by adidas,true
"Feb 24, 2025, 1:04:49 PM",Let‚Äôs Bring The Heat with El Pollo Loco,true
"Feb 25, 2025, 6:15:19 PM",Radox Marathon in a Month,true
"Feb 27, 2025, 12:21:38 PM",Le Col Classics Challenge,true
"Mar 1, 2025, 12:29:20 PM",Private Sport Shop | Shaka-llenge 300,true
"Mar 1, 2025, 12:29:29 PM",UCAN Run 10k Challenge,true
"Mar 3, 2025, 11:54:12 AM",Red Bull Get Riel,false
"Mar 3, 2025, 11:54:18 AM",Moving Forward Together Challenge,true
"Mar 4, 2025, 12:37:53 PM",Huawei FreeArc: Comfort in Every Move,true
"Mar 5, 2025, 12:11:13 PM",Team Milk‚Äôs 5k Run for Women,true
"Mar 8, 2025, 1:21:46 PM",Nike x Zalando Big Run Challenge,true
"Mar 10, 2025, 11:16:24 AM",New Balance - Final Long Run Challenge,true
"Mar 10, 2025, 11:16:29 AM",Get active with CBC's Ultimate Challenge,true
"Mar 13, 2025, 11:03:15 AM",Longest Fun Run Ever with GNC,true
"Mar 14, 2025, 1:07:45 PM",CLIF BAR Raise Your Bar Challenge,true
"Mar 15, 2025, 12:00:40 PM",SCHEELS Run with Us 45k Challenge,true
"Mar 17, 2025, 12:12:55 PM",Voltarol 'More Than Running' Challenge,true
"Mar 17, 2025, 12:13:11 PM",Columbia RUN Every Surface Challenge,true
"Mar 24, 2025, 11:15:42 AM",Run with Audible,true
"Mar 25, 2025, 11:30:42 AM",Get Sponsored By The Feed,true
"Mar 25, 2025, 12:14:56 PM",Shokz: Run the Boston Challenge,true
"Mar 25, 2025, 12:15:01 PM","Ready, Set, Refuel with HelloFresh",true
"Mar 25, 2025, 12:15:08 PM",Together Laps by New Balance,true
"Mar 25, 2025, 12:15:44 PM",TAME240 with LOWA,true
"Mar 25, 2025, 12:15:51 PM",April 5K x Brooks Challenge,true
"Mar 25, 2025, 12:15:53 PM",April 10K Challenge,true
"Mar 25, 2025, 12:15:57 PM",April Half Marathon Challenge,true
"Mar 25, 2025, 12:16:01 PM",April Run 100K Challenge,true
"Mar 25, 2025, 12:16:25 PM",April 400-Minute Challenge,true
"Mar 25, 2025, 12:16:29 PM",April Ten Days Active Challenge,true
"Mar 26, 2025, 11:49:31 AM",Arc‚Äôteryx Run Steady Challenge,true
"Mar 26, 2025, 12:31:21 PM",Austria Tourism #Lebensgef√ºhl,true
"Mar 27, 2025, 11:15:58 AM",Maurten Work In Progress Challenge,true
"Mar 29, 2025, 9:06:01 AM",Betterment High-Yield Hustle Challenge,true
"Mar 31, 2025, 11:16:41 AM",Loser's Run Club Challenge,false
"Apr 1, 2025, 5:55:00 PM",Train Like Team TERREX,true
"Apr 4, 2025, 12:19:03 PM",Altra Half Marathon Challenge,true
"Apr 5, 2025, 11:57:05 AM",Stand Out Never Still with FP Movement,true
"Apr 5, 2025, 12:13:08 PM",Shokz Cheers Never Stop,true
"Apr 6, 2025, 1:32:17 PM",The Big Run Powered by Nike and Secret Run Club,true
"Apr 7, 2025, 12:10:33 PM",Gousto Tasty 10 Day Challenge,false
"Apr 8, 2025, 12:08:26 PM",Santini Ready To Ride Challenge,true
"Apr 10, 2025, 12:51:47 PM",Ketone-IQ Boston Strong Challenge üöÄ,true
"Apr 11, 2025, 10:21:27 AM",The Lucky Saint Spring Challenge,true
"Apr 12, 2025, 12:55:24 PM",SunGod Chase The Light,true
"Apr 14, 2025, 12:10:13 PM",C√©c√©mel Protein Challenge ‚Äì It‚Äôs ALL GOOD!,true
"Apr 15, 2025, 6:03:46 PM",Beast of Habit: powered by Cheribundi,true
"Apr 18, 2025, 12:27:14 PM",Cancer Research UK 13.1 Mile Training Challenge 2025,true
"Apr 18, 2025, 12:27:55 PM",GOREWEAR Dawn to Dusk Challenge,true
"Apr 22, 2025, 12:01:37 PM",Scotts‚Äô Touch Grass 5K,true
"Apr 22, 2025, 12:01:56 PM",adidas Move For The Planet,true
"Apr 22, 2025, 6:02:07 PM",Set the Tone with Bandit Running,true
"Apr 24, 2025, 11:34:53 AM",Move & Cook with Quitoque !,true
"Apr 24, 2025, 11:35:05 AM",Le Col Giro Challenge,true
"Apr 24, 2025, 11:35:25 AM",Wellness Pet Minutes That Matter,true
"Apr 24, 2025, 11:35:28 AM",Get Sponsored By The Feed,true
"Apr 24, 2025, 12:09:17 PM","HelloFresh Get Active, Get Rewarded",true
"Apr 24, 2025, 12:09:22 PM",May 5K x Brooks Challenge,true
"Apr 24, 2025, 12:09:25 PM",May 10K Challenge,true
"Apr 24, 2025, 12:09:29 PM",May Half Marathon Challenge,true
"Apr 24, 2025, 12:09:45 PM",May 400-Minute Challenge,true
"Apr 24, 2025, 12:09:47 PM",May Ten Days Active Challenge,true
"May 4, 2025, 7:38:11 PM",N√úTRL Lite Mini Sprint,true
"May 6, 2025, 12:11:32 PM",lululemon 10K Virtual Challenge,false
"May 6, 2025, 12:11:51 PM",AAPI Month: The Silk Route,true
"May 6, 2025, 12:12:02 PM",Rimmel Lash League: Running Challenge,true
"May 6, 2025, 12:12:15 PM",Andros‚Äô Hopp Fruits Challenge,true
"May 8, 2025, 12:45:53 PM",N√úTRL Lite 50,true
"May 8, 2025, 11:24:54 PM",Insta360 GO BOLD Challenge,true
"May 8, 2025, 11:24:58 PM",The MAAP RE:PRGRM Challenge,true
"May 9, 2025, 6:03:01 PM",The Runna Stay Consistent Challenge,false
"May 12, 2025, 11:31:32 AM",Forestry England Forest Runner 5k,true
"May 13, 2025, 12:25:29 PM",Push your limits with Sports Experts,true
"May 16, 2025, 6:01:22 PM",Fuel Your Purpose with Momentous,true
"May 16, 2025, 6:01:27 PM",Huawei: Fit 4 More Miles,true
"May 21, 2025, 6:04:09 PM",Reach Beyond with Science in Sport,false
"May 21, 2025, 6:04:21 PM",Rivian Summer Recharge Challenge,false
"May 24, 2025, 12:18:16 PM",The BOOST Sport 5K,true
"May 24, 2025, 6:01:18 PM",Do the Work with BetterHelp,true
"May 25, 2025, 11:27:58 AM",Get Sponsored By The Feed,true
"May 25, 2025, 11:28:06 AM",Green Chef Move 200 Challenge!,true
"May 25, 2025, 12:01:40 PM",June Ten Days Active Challenge,true
"May 25, 2025, 12:01:44 PM",June 400-Minute Challenge,true
"May 25, 2025, 12:01:53 PM",June 10K Challenge,true
"May 25, 2025, 12:01:59 PM",June 5K x Brooks Challenge,true
"May 25, 2025, 12:02:06 PM",pliability Run to Hawaii Challenge,true
"May 25, 2025, 12:02:25 PM",June Run 100K Challenge,true
"May 27, 2025, 11:43:03 AM",Shokz: Global Running Day Challenge,true
"May 27, 2025, 6:01:19 PM",Train with Turkey,true
"May 28, 2025, 12:00:55 PM",Smoothie King X TCS NYC Bib Giveaway,true
"May 31, 2025, 12:03:33 PM",Eight Sleep Training Duo Challenge,true
"May 31, 2025, 12:03:40 PM",It‚Äôs Personal 5K Challenge with Puresport,true
"May 31, 2025, 12:03:47 PM",Columbia Hike Society Seek New Views,true
"Jun 1, 2025, 12:07:15 PM",Le Col Million Strong Challenge,true
"Jun 1, 2025, 12:07:24 PM",Omius Cool Summer Challenge,true
"Jun 1, 2025, 12:07:29 PM",Oboz Footwear: LOVE HIKING Challenge,true
"Jun 3, 2025, 11:42:43 AM",Gatorade RUN10,true
"Jun 3, 2025, 12:04:42 PM","Don't Buy Nuun, Earn It Challenge",true
"Jun 3, 2025, 12:05:03 PM",TOUR DE FRANCE with ibis budget,true
"Jun 4, 2025, 4:38:53 PM",Creemore Explore Your Backyard Challenge,true
"Jun 7, 2025, 12:16:54 PM",Outdoorvision Run Challenge,true
"Jun 7, 2025, 12:17:03 PM",UCAN Endurance 10 Challenge,true
"Jun 7, 2025, 12:17:20 PM",Breeze Airways Get Going Challenge,true
"Jun 7, 2025, 12:17:27 PM",SunGod: No Better Time,true
"Jun 17, 2025, 11:16:13 AM",Ketone-IQ Tour de France Challenge,true
"Jun 18, 2025, 10:50:48 AM",Run 100 kilometres for KWF,true
"Jun 24, 2025, 11:17:26 AM",Le Col Level Up Challenge,true
"Jun 24, 2025, 6:20:05 PM",July 5K x Brooks Challenge,true
"Jun 24, 2025, 6:20:11 PM",July 10K x Runna Challenge,true
"Jun 24, 2025, 6:20:17 PM",July Half Marathon Challenge,true
"Jun 24, 2025, 6:20:26 PM",July Run 100K Challenge,true
"Jun 24, 2025, 6:20:40 PM",July Elevation Challenge,true
"Jun 24, 2025, 6:20:57 PM",July Ten Days Active Challenge,true
"Jun 26, 2025, 10:18:25 PM",Gatorade Water 5x Challenge,true
"Jun 28, 2025, 10:09:50 PM",Chase Summer by GOREWEAR,true
"Jul 6, 2025, 8:33:16 PM",Strava Streaks Challenge July 2025,true
"Jul 6, 2025, 8:33:20 PM",Santini Tour De France Challenge,true
"Jul 6, 2025, 8:33:36 PM",Everand Move and Listen Challenge,true
"Jul 6, 2025, 8:33:42 PM",Streak for Skratch,true
"Jul 6, 2025, 8:33:57 PM","Move Well, Live Well: ZBiotics Challenge",true
"Jul 6, 2025, 8:34:04 PM",Get Sponsored By The Feed,true
"Jul 6, 2025, 8:34:15 PM",Fuel Your Move: CocoaVia‚Ñ¢ Challenge,true
"Jul 6, 2025, 8:34:21 PM",SaltStick Salty Runner Sweepstakes,true
"Jul 6, 2025, 8:34:30 PM",The MAAP ESC:PRGRM Challenge,true
"Jul 6, 2025, 8:34:34 PM",Unsponsored Project with Bandit Running,true
"Jul 7, 2025, 4:10:34 PM",Be More Earth with Nature's Sunshine,true
"Jul 10, 2025, 3:52:21 PM",HOKA Together We Fly Higher Challenge,true
"Jul 12, 2025, 8:56:58 PM",Alpro Follow the Leaf Challenge: Run in Nature,true
"Jul 13, 2025, 8:34:49 PM",July 400-Minute Challenge,true
"Jul 15, 2025, 3:53:40 PM",Michelob ULTRA Zero Excuses Challenge,true
"Jul 26, 2025, 2:29:53 PM",The HelloFresh Fitness Reward,true
"Jul 26, 2025, 2:30:54 PM",Lone River's Variety Pack Challenge,true
"Jul 26, 2025, 2:30:59 PM",G-SHOCK 'POWER RUN',true
"Jul 26, 2025, 2:31:13 PM",Huawei: Summer on the Move,true
"Jul 26, 2025, 2:31:38 PM",CLIF BAR Raise Your Bar Summer Rewards,true
"Jul 26, 2025, 2:31:50 PM",The OluKai Island Time Challenge,true
"Jul 26, 2025, 2:32:01 PM",Get Sponsored By The Feed,true
"Jul 26, 2025, 2:32:05 PM",August 5K x Brooks Challenge,true
"Jul 26, 2025, 2:32:09 PM",August 10K x Runna Challenge,true
"Jul 26, 2025, 2:32:13 PM",August Half Marathon Challenge,true
"Jul 26, 2025, 2:32:17 PM",August Run 100K Challenge,true
"Jul 26, 2025, 2:32:23 PM",August Run 300K Challenge,false
"Jul 26, 2025, 2:32:27 PM",August Elevation Challenge,false
"Jul 26, 2025, 2:32:40 PM",August 400-Minute Challenge,true
"Jul 26, 2025, 2:32:43 PM",August Ten Days Active Challenge,true
"Jul 26, 2025, 2:32:46 PM",Suunto Run 5k Challenge,true
"Jul 28, 2025, 2:14:57 PM",Liquid I.V. 5km Fun Run Challenge,true
"Jul 28, 2025, 2:15:06 PM",Sky Sports 215 Minutes Challenge,true
"Aug 1, 2025, 5:17:33 PM",HOKA Mafate 5 x UTMB¬Æ Challenge,true
"Aug 5, 2025, 2:05:20 AM",Nature Valley Trailblazer Challenge,true
"Aug 7, 2025, 1:16:35 AM",The Lumineers Automatic Challenge,true
"Aug 17, 2025, 7:53:45 PM",Shokz Beyond Limits Challenge,true
"Aug 17, 2025, 7:53:49 PM",Childaid Network: Run for Education,true
"Aug 17, 2025, 7:53:54 PM",The Anti-Challenge by Eight Sleep,true
"Aug 17, 2025, 7:53:59 PM",CamelBak 17.6km Run Challenge,true
"Aug 17, 2025, 7:54:09 PM",Biotherm Go and Glow Challenge,true
"Aug 17, 2025, 7:54:17 PM",GU Energy Labs Down Under,true
"Aug 19, 2025, 2:34:35 PM",More impact: Zalando Running Challenge,true
"Aug 23, 2025, 7:48:40 PM",YOU GOT THIS: adidas 15-Hour Challenge,true
"Aug 25, 2025, 3:55:02 PM",September 400-Minute x Runna Challenge,true
"Aug 25, 2025, 3:55:04 PM",September 5K x Brooks Challenge,true
"Aug 25, 2025, 3:55:29 PM",Insta360 x UAE Team: GO Ride with Pogaƒçar,true
"Aug 25, 2025, 3:55:33 PM",Unleash Your Energy with Brooks,true
"Aug 25, 2025, 3:55:43 PM",September 10K Challenge,true
"Aug 25, 2025, 3:55:47 PM",Move & Win with HelloFresh + Sleep Cycle,true
"Aug 25, 2025, 3:56:11 PM",Keep the Tempo Challenge,true
"Aug 25, 2025, 3:56:16 PM",Get Sponsored By The Feed,true
"Aug 25, 2025, 3:56:29 PM",September Half Marathon Challenge,true
"Aug 25, 2025, 3:56:34 PM",September Run 100K Challenge,true
"Aug 25, 2025, 3:56:38 PM",September Run 300K Challenge,false
"Aug 25, 2025, 3:56:46 PM",September Elevation Challenge,false
"Aug 25, 2025, 3:56:50 PM",September Ten Days Active Challenge,true
"Aug 25, 2025, 3:56:58 PM",On Racing Academy Challenge,true
"Sep 1, 2025, 9:52:43 PM",Be More Earth with Nature‚Äôs Sunshine,true
"Sep 1, 2025, 9:52:46 PM",Forestry England Forest Runner 10k,true
"Sep 1, 2025, 9:52:50 PM",Le Col Turning Point Challenge,true
"Sep 1, 2025, 9:52:57 PM",The Solgar Half Marathon Mission,true
"Sep 5, 2025, 1:09:29 PM",Make Your Move With Backcountry,true
"Sep 6, 2025, 12:20:27 PM",Ready for a fresh start by Shoefresh,true
"Sep 9, 2025, 5:32:09 PM",The MAAP EQX:PRGRM Challenge,true
"Sep 9, 2025, 5:32:16 PM",Macmillan Audio‚Äôs Audiobook Challenge,true
"Sep 10, 2025, 6:18:31 PM",The Move Juntos Challenge,true
"Sep 10, 2025, 6:18:48 PM",NOBULL Test Drive,true
"Sep 10, 2025, 6:18:59 PM",CLEAR-LY UNSHAKEABLE IN 7 DAYS,true
"Sep 12, 2025, 11:12:03 AM",Ready for Anything by GOREWEAR,true
"Sep 14, 2025, 12:52:38 AM",Factor‚Äôs Move & Earn Challenge,true
"Sep 18, 2025, 10:07:41 PM",Airmine Pollen & Air Quality Challenge,true
"Sep 19, 2025, 2:43:44 PM",Measure your PROgress,true
"Sep 20, 2025, 3:00:39 AM",Go Further with Huawei,true
"Sep 22, 2025, 1:49:15 PM",HOKA Membership Chase 300,false
"Sep 24, 2025, 7:15:21 PM",October 400-Minute x Runna Challenge,true
"Sep 24, 2025, 7:15:27 PM",October 5K x Brooks Challenge,true
"Sep 24, 2025, 7:15:36 PM",October Half Marathon Challenge,true
"Sep 24, 2025, 7:15:44 PM",October Run 100K Challenge,false
"Sep 24, 2025, 7:15:52 PM",October Ten Days Active Challenge,true
"Sep 24, 2025, 7:15:56 PM",October 10K Challenge,true
"Sep 26, 2025, 2:53:12 PM",No Reasons Needed to Move with Heineken 0.0‚Äã,true
"Sep 26, 2025, 2:53:17 PM",Get Fueled by The Feed,true
"Sep 27, 2025, 6:50:58 PM",Shokz x parkrun: Happy Birthday Challenge,true
"Sep 30, 2025, 8:08:12 PM",Shokz: Set Your Record Challenge,true
"Oct 1, 2025, 5:03:08 PM",Hydralyte Plus Sports 'Serious About Sweat' Challenge,true
"Oct 1, 2025, 5:03:13 PM",Le Col Cold Paradise Challenge,true
"Oct 1, 2025, 5:03:18 PM",Simple Mills Snacking for the Long Run,true
"Oct 1, 2025, 11:07:19 PM",Run Like a Champion with Visit Tallahassee,true
"Oct 1, 2025, 11:07:24 PM",Les Petites Boucles LCL 2025,true
"Oct 3, 2025, 5:39:39 PM","Emma Sleep: Recover Better, Live Better",true
"Oct 3, 2025, 5:39:57 PM",Continental ‚Äì FRESH FOR FALL,false
"Oct 6, 2025, 10:00:07 PM",Boost Mode with Potatoes USA,true
"Oct 6, 2025, 10:00:16 PM",Make Your Move with Kodiak¬Æ,true
"Oct 9, 2025, 11:17:17 PM",Rene√© Rapp's BITE ME Challenge,true
"Oct 21, 2025, 3:58:28 PM",Go Further with HUAWEI,true
"Oct 21, 2025, 3:58:55 PM",Keep Your Cool: Eight Sleep Challenge,true
"Oct 21, 2025, 3:59:32 PM",Men Expert. Energize your body and skin.,true
"Oct 21, 2025, 3:59:44 PM",Bonus Hour with VITTEL¬Æ,true
"Oct 21, 2025, 4:00:03 PM",Get Energized: ZOA Movement Challenge,true
"Oct 25, 2025, 2:42:13 PM",November Ten Days Active Challenge,true
"Oct 26, 2025, 6:49:41 PM",November 400-Minute x Runna Challenge,true
"Oct 26, 2025, 6:50:11 PM",Get Fueled by The Feed,true
"Oct 30, 2025, 7:37:44 PM",Train. Recover. Repeat. With Amazfit,true
"Oct 30, 2025, 7:38:05 PM",Streak to the Finish Challenge,false
"Oct 31, 2025, 7:17:20 PM",The Running Man Challenge,true
"Nov 4, 2025, 8:01:29 PM",1% Series by Healthspan Elite,true
"Nov 6, 2025, 4:36:21 AM",Think Turkey's Wishbone Challenge,true
"Nov 7, 2025, 5:55:55 PM",Ford Driven To Run Challenge,true
"Nov 8, 2025, 9:44:24 PM",Fj√§llr√§ven Move With Nature,true
"Nov 11, 2025, 12:31:36 PM",Wicked: For Good Challenge,true
"Nov 18, 2025, 6:05:09 PM",Get UP&GO Challenge,true
"Nov 24, 2025, 2:44:35 PM",December 400-Minute x Runna Challenge,true
"Nov 24, 2025, 2:44:48 PM",December Ten Days Active Challenge,true
"Nov 30, 2025, 12:29:28 PM",ROKA Winter Warrior 250,true
"Dec 2, 2025, 4:29:47 PM","Zalando 12 Days Of Movement: Your Pace, Your Way",false
"Dec 11, 2025, 1:36:05 PM","HUAWEI: Groove Away, Move All Day",true
